TPCDS_SF100TCL,CALL_CENTER,CALL_CENTER,CC_CALL_CENTER_SK,True,CC_CALL_CENTER_SK,BIGINT,,0
TPCDS_SF100TCL,CALL_CENTER,CALL_CENTER,CC_CALL_CENTER_ID,False,CC_CALL_CENTER_ID,NVARCHAR,16,
TPCDS_SF100TCL,CALL_CENTER,CALL_CENTER,CC_REC_START_DATE,False,CC_REC_START_DATE,DATE,,
TPCDS_SF100TCL,CALL_CENTER,CALL_CENTER,CC_REC_END_DATE,False,CC_REC_END_DATE,DATE,,
TPCDS_SF100TCL,CALL_CENTER,CALL_CENTER,CC_CLOSED_DATE_SK,False,CC_CLOSED_DATE_SK,BIGINT,,0
TPCDS_SF100TCL,CALL_CENTER,CALL_CENTER,CC_OPEN_DATE_SK,False,CC_OPEN_DATE_SK,BIGINT,,0
TPCDS_SF100TCL,CALL_CENTER,CALL_CENTER,CC_NAME,False,CC_NAME,NVARCHAR,50,
TPCDS_SF100TCL,CALL_CENTER,CALL_CENTER,CC_CLASS,False,CC_CLASS,NVARCHAR,50,
TPCDS_SF100TCL,CALL_CENTER,CALL_CENTER,CC_EMPLOYEES,False,CC_EMPLOYEES,BIGINT,,0
TPCDS_SF100TCL,CALL_CENTER,CALL_CENTER,CC_SQ_FT,False,CC_SQ_FT,BIGINT,,0
TPCDS_SF100TCL,CALL_CENTER,CALL_CENTER,CC_HOURS,False,CC_HOURS,NVARCHAR,20,
TPCDS_SF100TCL,CALL_CENTER,CALL_CENTER,CC_MANAGER,False,CC_MANAGER,NVARCHAR,40,
TPCDS_SF100TCL,CALL_CENTER,CALL_CENTER,CC_MKT_ID,False,CC_MKT_ID,BIGINT,,0
TPCDS_SF100TCL,CALL_CENTER,CALL_CENTER,CC_MKT_CLASS,False,CC_MKT_CLASS,NVARCHAR,50,
TPCDS_SF100TCL,CALL_CENTER,CALL_CENTER,CC_MKT_DESC,False,CC_MKT_DESC,NVARCHAR,100,
TPCDS_SF100TCL,CALL_CENTER,CALL_CENTER,CC_MARKET_MANAGER,False,CC_MARKET_MANAGER,NVARCHAR,40,
TPCDS_SF100TCL,CALL_CENTER,CALL_CENTER,CC_DIVISION,False,CC_DIVISION,BIGINT,,0
TPCDS_SF100TCL,CALL_CENTER,CALL_CENTER,CC_DIVISION_NAME,False,CC_DIVISION_NAME,NVARCHAR,50,
TPCDS_SF100TCL,CALL_CENTER,CALL_CENTER,CC_COMPANY,False,CC_COMPANY,BIGINT,,0
TPCDS_SF100TCL,CALL_CENTER,CALL_CENTER,CC_COMPANY_NAME,False,CC_COMPANY_NAME,NVARCHAR,50,
TPCDS_SF100TCL,CALL_CENTER,CALL_CENTER,CC_STREET_NUMBER,False,CC_STREET_NUMBER,NVARCHAR,10,
TPCDS_SF100TCL,CALL_CENTER,CALL_CENTER,CC_STREET_NAME,False,CC_STREET_NAME,NVARCHAR,60,
TPCDS_SF100TCL,CALL_CENTER,CALL_CENTER,CC_STREET_TYPE,False,CC_STREET_TYPE,NVARCHAR,15,
TPCDS_SF100TCL,CALL_CENTER,CALL_CENTER,CC_SUITE_NUMBER,False,CC_SUITE_NUMBER,NVARCHAR,10,
TPCDS_SF100TCL,CALL_CENTER,CALL_CENTER,CC_CITY,False,CC_CITY,NVARCHAR,60,
TPCDS_SF100TCL,CALL_CENTER,CALL_CENTER,CC_COUNTY,False,CC_COUNTY,NVARCHAR,30,
TPCDS_SF100TCL,CALL_CENTER,CALL_CENTER,CC_STATE,False,CC_STATE,NVARCHAR,2,
TPCDS_SF100TCL,CALL_CENTER,CALL_CENTER,CC_ZIP,False,CC_ZIP,NVARCHAR,10,
TPCDS_SF100TCL,CALL_CENTER,CALL_CENTER,CC_COUNTRY,False,CC_COUNTRY,NVARCHAR,20,
TPCDS_SF100TCL,CALL_CENTER,CALL_CENTER,CC_GMT_OFFSET,False,CC_GMT_OFFSET,DECIMAL,,2
TPCDS_SF100TCL,CALL_CENTER,CALL_CENTER,CC_TAX_PERCENTAGE,False,CC_TAX_PERCENTAGE,DECIMAL,,2
TPCDS_SF100TCL,CATALOG_PAGE,CATALOG_PAGE,CP_CATALOG_PAGE_SK,True,CP_CATALOG_PAGE_SK,BIGINT,,0
TPCDS_SF100TCL,CATALOG_PAGE,CATALOG_PAGE,CP_CATALOG_PAGE_ID,False,CP_CATALOG_PAGE_ID,NVARCHAR,16,
TPCDS_SF100TCL,CATALOG_PAGE,CATALOG_PAGE,CP_START_DATE_SK,False,CP_START_DATE_SK,BIGINT,,0
TPCDS_SF100TCL,CATALOG_PAGE,CATALOG_PAGE,CP_END_DATE_SK,False,CP_END_DATE_SK,BIGINT,,0
TPCDS_SF100TCL,CATALOG_PAGE,CATALOG_PAGE,CP_DEPARTMENT,False,CP_DEPARTMENT,NVARCHAR,50,
TPCDS_SF100TCL,CATALOG_PAGE,CATALOG_PAGE,CP_CATALOG_NUMBER,False,CP_CATALOG_NUMBER,BIGINT,,0
TPCDS_SF100TCL,CATALOG_PAGE,CATALOG_PAGE,CP_CATALOG_PAGE_NUMBER,False,CP_CATALOG_PAGE_NUMBER,BIGINT,,0
TPCDS_SF100TCL,CATALOG_PAGE,CATALOG_PAGE,CP_DESCRIPTION,False,CP_DESCRIPTION,NVARCHAR,100,
TPCDS_SF100TCL,CATALOG_PAGE,CATALOG_PAGE,CP_TYPE,False,CP_TYPE,NVARCHAR,100,
TPCDS_SF100TCL,CATALOG_RETURNS,CATALOG_RETURNS,CR_RETURNED_DATE_SK,False,CR_RETURNED_DATE_SK,BIGINT,,0
TPCDS_SF100TCL,CATALOG_RETURNS,CATALOG_RETURNS,CR_RETURNED_TIME_SK,False,CR_RETURNED_TIME_SK,BIGINT,,0
TPCDS_SF100TCL,CATALOG_RETURNS,CATALOG_RETURNS,CR_ITEM_SK,True,CR_ITEM_SK,BIGINT,,0
TPCDS_SF100TCL,CATALOG_RETURNS,CATALOG_RETURNS,CR_REFUNDED_CUSTOMER_SK,False,CR_REFUNDED_CUSTOMER_SK,BIGINT,,0
TPCDS_SF100TCL,CATALOG_RETURNS,CATALOG_RETURNS,CR_REFUNDED_CDEMO_SK,False,CR_REFUNDED_CDEMO_SK,BIGINT,,0
TPCDS_SF100TCL,CATALOG_RETURNS,CATALOG_RETURNS,CR_REFUNDED_HDEMO_SK,False,CR_REFUNDED_HDEMO_SK,BIGINT,,0
TPCDS_SF100TCL,CATALOG_RETURNS,CATALOG_RETURNS,CR_REFUNDED_ADDR_SK,False,CR_REFUNDED_ADDR_SK,BIGINT,,0
TPCDS_SF100TCL,CATALOG_RETURNS,CATALOG_RETURNS,CR_RETURNING_CUSTOMER_SK,False,CR_RETURNING_CUSTOMER_SK,BIGINT,,0
TPCDS_SF100TCL,CATALOG_RETURNS,CATALOG_RETURNS,CR_RETURNING_CDEMO_SK,False,CR_RETURNING_CDEMO_SK,BIGINT,,0
TPCDS_SF100TCL,CATALOG_RETURNS,CATALOG_RETURNS,CR_RETURNING_HDEMO_SK,False,CR_RETURNING_HDEMO_SK,BIGINT,,0
TPCDS_SF100TCL,CATALOG_RETURNS,CATALOG_RETURNS,CR_RETURNING_ADDR_SK,False,CR_RETURNING_ADDR_SK,BIGINT,,0
TPCDS_SF100TCL,CATALOG_RETURNS,CATALOG_RETURNS,CR_CALL_CENTER_SK,False,CR_CALL_CENTER_SK,BIGINT,,0
TPCDS_SF100TCL,CATALOG_RETURNS,CATALOG_RETURNS,CR_CATALOG_PAGE_SK,False,CR_CATALOG_PAGE_SK,BIGINT,,0
TPCDS_SF100TCL,CATALOG_RETURNS,CATALOG_RETURNS,CR_SHIP_MODE_SK,False,CR_SHIP_MODE_SK,BIGINT,,0
TPCDS_SF100TCL,CATALOG_RETURNS,CATALOG_RETURNS,CR_WAREHOUSE_SK,False,CR_WAREHOUSE_SK,BIGINT,,0
TPCDS_SF100TCL,CATALOG_RETURNS,CATALOG_RETURNS,CR_REASON_SK,False,CR_REASON_SK,BIGINT,,0
TPCDS_SF100TCL,CATALOG_RETURNS,CATALOG_RETURNS,CR_ORDER_NUMBER,True,CR_ORDER_NUMBER,BIGINT,,0
TPCDS_SF100TCL,CATALOG_RETURNS,CATALOG_RETURNS,CR_RETURN_QUANTITY,False,CR_RETURN_QUANTITY,BIGINT,,0
TPCDS_SF100TCL,CATALOG_RETURNS,CATALOG_RETURNS,CR_RETURN_AMOUNT,False,CR_RETURN_AMOUNT,DECIMAL,,2
TPCDS_SF100TCL,CATALOG_RETURNS,CATALOG_RETURNS,CR_RETURN_TAX,False,CR_RETURN_TAX,DECIMAL,,2
TPCDS_SF100TCL,CATALOG_RETURNS,CATALOG_RETURNS,CR_RETURN_AMT_INC_TAX,False,CR_RETURN_AMT_INC_TAX,DECIMAL,,2
TPCDS_SF100TCL,CATALOG_RETURNS,CATALOG_RETURNS,CR_FEE,False,CR_FEE,DECIMAL,,2
TPCDS_SF100TCL,CATALOG_RETURNS,CATALOG_RETURNS,CR_RETURN_SHIP_COST,False,CR_RETURN_SHIP_COST,DECIMAL,,2
TPCDS_SF100TCL,CATALOG_RETURNS,CATALOG_RETURNS,CR_REFUNDED_CASH,False,CR_REFUNDED_CASH,DECIMAL,,2
TPCDS_SF100TCL,CATALOG_RETURNS,CATALOG_RETURNS,CR_REVERSED_CHARGE,False,CR_REVERSED_CHARGE,DECIMAL,,2
TPCDS_SF100TCL,CATALOG_RETURNS,CATALOG_RETURNS,CR_STORE_CREDIT,False,CR_STORE_CREDIT,DECIMAL,,2
TPCDS_SF100TCL,CATALOG_RETURNS,CATALOG_RETURNS,CR_NET_LOSS,False,CR_NET_LOSS,DECIMAL,,2
TPCDS_SF100TCL,CATALOG_SALES,CATALOG_SALES,CS_SOLD_DATE_SK,False,CS_SOLD_DATE_SK,BIGINT,,0
TPCDS_SF100TCL,CATALOG_SALES,CATALOG_SALES,CS_SOLD_TIME_SK,False,CS_SOLD_TIME_SK,BIGINT,,0
TPCDS_SF100TCL,CATALOG_SALES,CATALOG_SALES,CS_SHIP_DATE_SK,False,CS_SHIP_DATE_SK,BIGINT,,0
TPCDS_SF100TCL,CATALOG_SALES,CATALOG_SALES,CS_BILL_CUSTOMER_SK,False,CS_BILL_CUSTOMER_SK,BIGINT,,0
TPCDS_SF100TCL,CATALOG_SALES,CATALOG_SALES,CS_BILL_CDEMO_SK,False,CS_BILL_CDEMO_SK,BIGINT,,0
TPCDS_SF100TCL,CATALOG_SALES,CATALOG_SALES,CS_BILL_HDEMO_SK,False,CS_BILL_HDEMO_SK,BIGINT,,0
TPCDS_SF100TCL,CATALOG_SALES,CATALOG_SALES,CS_BILL_ADDR_SK,False,CS_BILL_ADDR_SK,BIGINT,,0
TPCDS_SF100TCL,CATALOG_SALES,CATALOG_SALES,CS_SHIP_CUSTOMER_SK,False,CS_SHIP_CUSTOMER_SK,BIGINT,,0
TPCDS_SF100TCL,CATALOG_SALES,CATALOG_SALES,CS_SHIP_CDEMO_SK,False,CS_SHIP_CDEMO_SK,BIGINT,,0
TPCDS_SF100TCL,CATALOG_SALES,CATALOG_SALES,CS_SHIP_HDEMO_SK,False,CS_SHIP_HDEMO_SK,BIGINT,,0
TPCDS_SF100TCL,CATALOG_SALES,CATALOG_SALES,CS_SHIP_ADDR_SK,False,CS_SHIP_ADDR_SK,BIGINT,,0
TPCDS_SF100TCL,CATALOG_SALES,CATALOG_SALES,CS_CALL_CENTER_SK,False,CS_CALL_CENTER_SK,BIGINT,,0
TPCDS_SF100TCL,CATALOG_SALES,CATALOG_SALES,CS_CATALOG_PAGE_SK,False,CS_CATALOG_PAGE_SK,BIGINT,,0
TPCDS_SF100TCL,CATALOG_SALES,CATALOG_SALES,CS_SHIP_MODE_SK,False,CS_SHIP_MODE_SK,BIGINT,,0
TPCDS_SF100TCL,CATALOG_SALES,CATALOG_SALES,CS_WAREHOUSE_SK,False,CS_WAREHOUSE_SK,BIGINT,,0
TPCDS_SF100TCL,CATALOG_SALES,CATALOG_SALES,CS_ITEM_SK,True,CS_ITEM_SK,BIGINT,,0
TPCDS_SF100TCL,CATALOG_SALES,CATALOG_SALES,CS_PROMO_SK,False,CS_PROMO_SK,BIGINT,,0
TPCDS_SF100TCL,CATALOG_SALES,CATALOG_SALES,CS_ORDER_NUMBER,True,CS_ORDER_NUMBER,BIGINT,,0
TPCDS_SF100TCL,CATALOG_SALES,CATALOG_SALES,CS_QUANTITY,False,CS_QUANTITY,BIGINT,,0
TPCDS_SF100TCL,CATALOG_SALES,CATALOG_SALES,CS_WHOLESALE_COST,False,CS_WHOLESALE_COST,DECIMAL,,2
TPCDS_SF100TCL,CATALOG_SALES,CATALOG_SALES,CS_LIST_PRICE,False,CS_LIST_PRICE,DECIMAL,,2
TPCDS_SF100TCL,CATALOG_SALES,CATALOG_SALES,CS_SALES_PRICE,False,CS_SALES_PRICE,DECIMAL,,2
TPCDS_SF100TCL,CATALOG_SALES,CATALOG_SALES,CS_EXT_DISCOUNT_AMT,False,CS_EXT_DISCOUNT_AMT,DECIMAL,,2
TPCDS_SF100TCL,CATALOG_SALES,CATALOG_SALES,CS_EXT_SALES_PRICE,False,CS_EXT_SALES_PRICE,DECIMAL,,2
TPCDS_SF100TCL,CATALOG_SALES,CATALOG_SALES,CS_EXT_WHOLESALE_COST,False,CS_EXT_WHOLESALE_COST,DECIMAL,,2
TPCDS_SF100TCL,CATALOG_SALES,CATALOG_SALES,CS_EXT_LIST_PRICE,False,CS_EXT_LIST_PRICE,DECIMAL,,2
TPCDS_SF100TCL,CATALOG_SALES,CATALOG_SALES,CS_EXT_TAX,False,CS_EXT_TAX,DECIMAL,,2
TPCDS_SF100TCL,CATALOG_SALES,CATALOG_SALES,CS_COUPON_AMT,False,CS_COUPON_AMT,DECIMAL,,2
TPCDS_SF100TCL,CATALOG_SALES,CATALOG_SALES,CS_EXT_SHIP_COST,False,CS_EXT_SHIP_COST,DECIMAL,,2
TPCDS_SF100TCL,CATALOG_SALES,CATALOG_SALES,CS_NET_PAID,False,CS_NET_PAID,DECIMAL,,2
TPCDS_SF100TCL,CATALOG_SALES,CATALOG_SALES,CS_NET_PAID_INC_TAX,False,CS_NET_PAID_INC_TAX,DECIMAL,,2
TPCDS_SF100TCL,CATALOG_SALES,CATALOG_SALES,CS_NET_PAID_INC_SHIP,False,CS_NET_PAID_INC_SHIP,DECIMAL,,2
TPCDS_SF100TCL,CATALOG_SALES,CATALOG_SALES,CS_NET_PAID_INC_SHIP_TAX,False,CS_NET_PAID_INC_SHIP_TAX,DECIMAL,,2
TPCDS_SF100TCL,CATALOG_SALES,CATALOG_SALES,CS_NET_PROFIT,False,CS_NET_PROFIT,DECIMAL,,2
TPCDS_SF100TCL,CUSTOMER,CUSTOMER,C_CUSTOMER_SK,True,C_CUSTOMER_SK,BIGINT,,0
TPCDS_SF100TCL,CUSTOMER,CUSTOMER,C_CUSTOMER_ID,False,C_CUSTOMER_ID,NVARCHAR,16,
TPCDS_SF100TCL,CUSTOMER,CUSTOMER,C_CURRENT_CDEMO_SK,False,C_CURRENT_CDEMO_SK,BIGINT,,0
TPCDS_SF100TCL,CUSTOMER,CUSTOMER,C_CURRENT_HDEMO_SK,False,C_CURRENT_HDEMO_SK,BIGINT,,0
TPCDS_SF100TCL,CUSTOMER,CUSTOMER,C_CURRENT_ADDR_SK,False,C_CURRENT_ADDR_SK,BIGINT,,0
TPCDS_SF100TCL,CUSTOMER,CUSTOMER,C_FIRST_SHIPTO_DATE_SK,False,C_FIRST_SHIPTO_DATE_SK,BIGINT,,0
TPCDS_SF100TCL,CUSTOMER,CUSTOMER,C_FIRST_SALES_DATE_SK,False,C_FIRST_SALES_DATE_SK,BIGINT,,0
TPCDS_SF100TCL,CUSTOMER,CUSTOMER,C_SALUTATION,False,C_SALUTATION,NVARCHAR,10,
TPCDS_SF100TCL,CUSTOMER,CUSTOMER,C_FIRST_NAME,False,C_FIRST_NAME,NVARCHAR,20,
TPCDS_SF100TCL,CUSTOMER,CUSTOMER,C_LAST_NAME,False,C_LAST_NAME,NVARCHAR,30,
TPCDS_SF100TCL,CUSTOMER,CUSTOMER,C_PREFERRED_CUST_FLAG,False,C_PREFERRED_CUST_FLAG,NVARCHAR,1,
TPCDS_SF100TCL,CUSTOMER,CUSTOMER,C_BIRTH_DAY,False,C_BIRTH_DAY,BIGINT,,0
TPCDS_SF100TCL,CUSTOMER,CUSTOMER,C_BIRTH_MONTH,False,C_BIRTH_MONTH,BIGINT,,0
TPCDS_SF100TCL,CUSTOMER,CUSTOMER,C_BIRTH_YEAR,False,C_BIRTH_YEAR,BIGINT,,0
TPCDS_SF100TCL,CUSTOMER,CUSTOMER,C_BIRTH_COUNTRY,False,C_BIRTH_COUNTRY,NVARCHAR,20,
TPCDS_SF100TCL,CUSTOMER,CUSTOMER,C_LOGIN,False,C_LOGIN,NVARCHAR,13,
TPCDS_SF100TCL,CUSTOMER,CUSTOMER,C_EMAIL_ADDRESS,False,C_EMAIL_ADDRESS,NVARCHAR,50,
TPCDS_SF100TCL,CUSTOMER,CUSTOMER,C_LAST_REVIEW_DATE,False,C_LAST_REVIEW_DATE,NVARCHAR,10,
TPCDS_SF100TCL,CUSTOMER_ADDRESS,CUSTOMER_ADDRESS,CA_ADDRESS_SK,True,CA_ADDRESS_SK,BIGINT,,0
TPCDS_SF100TCL,CUSTOMER_ADDRESS,CUSTOMER_ADDRESS,CA_ADDRESS_ID,False,CA_ADDRESS_ID,NVARCHAR,16,
TPCDS_SF100TCL,CUSTOMER_ADDRESS,CUSTOMER_ADDRESS,CA_STREET_NUMBER,False,CA_STREET_NUMBER,NVARCHAR,10,
TPCDS_SF100TCL,CUSTOMER_ADDRESS,CUSTOMER_ADDRESS,CA_STREET_NAME,False,CA_STREET_NAME,NVARCHAR,60,
TPCDS_SF100TCL,CUSTOMER_ADDRESS,CUSTOMER_ADDRESS,CA_STREET_TYPE,False,CA_STREET_TYPE,NVARCHAR,15,
TPCDS_SF100TCL,CUSTOMER_ADDRESS,CUSTOMER_ADDRESS,CA_SUITE_NUMBER,False,CA_SUITE_NUMBER,NVARCHAR,10,
TPCDS_SF100TCL,CUSTOMER_ADDRESS,CUSTOMER_ADDRESS,CA_CITY,False,CA_CITY,NVARCHAR,60,
TPCDS_SF100TCL,CUSTOMER_ADDRESS,CUSTOMER_ADDRESS,CA_COUNTY,False,CA_COUNTY,NVARCHAR,30,
TPCDS_SF100TCL,CUSTOMER_ADDRESS,CUSTOMER_ADDRESS,CA_STATE,False,CA_STATE,NVARCHAR,2,
TPCDS_SF100TCL,CUSTOMER_ADDRESS,CUSTOMER_ADDRESS,CA_ZIP,False,CA_ZIP,NVARCHAR,10,
TPCDS_SF100TCL,CUSTOMER_ADDRESS,CUSTOMER_ADDRESS,CA_COUNTRY,False,CA_COUNTRY,NVARCHAR,20,
TPCDS_SF100TCL,CUSTOMER_ADDRESS,CUSTOMER_ADDRESS,CA_GMT_OFFSET,False,CA_GMT_OFFSET,DECIMAL,,2
TPCDS_SF100TCL,CUSTOMER_ADDRESS,CUSTOMER_ADDRESS,CA_LOCATION_TYPE,False,CA_LOCATION_TYPE,NVARCHAR,20,
TPCDS_SF100TCL,CUSTOMER_DEMOGRAPHICS,CUSTOMER_DEMOGRAPHICS,CD_DEMO_SK,True,CD_DEMO_SK,BIGINT,,0
TPCDS_SF100TCL,CUSTOMER_DEMOGRAPHICS,CUSTOMER_DEMOGRAPHICS,CD_GENDER,False,CD_GENDER,NVARCHAR,1,
TPCDS_SF100TCL,CUSTOMER_DEMOGRAPHICS,CUSTOMER_DEMOGRAPHICS,CD_MARITAL_STATUS,False,CD_MARITAL_STATUS,NVARCHAR,1,
TPCDS_SF100TCL,CUSTOMER_DEMOGRAPHICS,CUSTOMER_DEMOGRAPHICS,CD_EDUCATION_STATUS,False,CD_EDUCATION_STATUS,NVARCHAR,20,
TPCDS_SF100TCL,CUSTOMER_DEMOGRAPHICS,CUSTOMER_DEMOGRAPHICS,CD_PURCHASE_ESTIMATE,False,CD_PURCHASE_ESTIMATE,BIGINT,,0
TPCDS_SF100TCL,CUSTOMER_DEMOGRAPHICS,CUSTOMER_DEMOGRAPHICS,CD_CREDIT_RATING,False,CD_CREDIT_RATING,NVARCHAR,10,
TPCDS_SF100TCL,CUSTOMER_DEMOGRAPHICS,CUSTOMER_DEMOGRAPHICS,CD_DEP_COUNT,False,CD_DEP_COUNT,BIGINT,,0
TPCDS_SF100TCL,CUSTOMER_DEMOGRAPHICS,CUSTOMER_DEMOGRAPHICS,CD_DEP_EMPLOYED_COUNT,False,CD_DEP_EMPLOYED_COUNT,BIGINT,,0
TPCDS_SF100TCL,CUSTOMER_DEMOGRAPHICS,CUSTOMER_DEMOGRAPHICS,CD_DEP_COLLEGE_COUNT,False,CD_DEP_COLLEGE_COUNT,BIGINT,,0
TPCDS_SF100TCL,DATE_DIM,DATE_DIM,D_DATE_SK,True,D_DATE_SK,BIGINT,,0
TPCDS_SF100TCL,DATE_DIM,DATE_DIM,D_DATE_ID,False,D_DATE_ID,NVARCHAR,16,
TPCDS_SF100TCL,DATE_DIM,DATE_DIM,D_DATE,False,D_DATE,DATE,,
TPCDS_SF100TCL,DATE_DIM,DATE_DIM,D_MONTH_SEQ,False,D_MONTH_SEQ,BIGINT,,0
TPCDS_SF100TCL,DATE_DIM,DATE_DIM,D_WEEK_SEQ,False,D_WEEK_SEQ,BIGINT,,0
TPCDS_SF100TCL,DATE_DIM,DATE_DIM,D_QUARTER_SEQ,False,D_QUARTER_SEQ,BIGINT,,0
TPCDS_SF100TCL,DATE_DIM,DATE_DIM,D_YEAR,False,D_YEAR,BIGINT,,0
TPCDS_SF100TCL,DATE_DIM,DATE_DIM,D_DOW,False,D_DOW,BIGINT,,0
TPCDS_SF100TCL,DATE_DIM,DATE_DIM,D_MOY,False,D_MOY,BIGINT,,0
TPCDS_SF100TCL,DATE_DIM,DATE_DIM,D_DOM,False,D_DOM,BIGINT,,0
TPCDS_SF100TCL,DATE_DIM,DATE_DIM,D_QOY,False,D_QOY,BIGINT,,0
TPCDS_SF100TCL,DATE_DIM,DATE_DIM,D_FY_YEAR,False,D_FY_YEAR,BIGINT,,0
TPCDS_SF100TCL,DATE_DIM,DATE_DIM,D_FY_QUARTER_SEQ,False,D_FY_QUARTER_SEQ,BIGINT,,0
TPCDS_SF100TCL,DATE_DIM,DATE_DIM,D_FY_WEEK_SEQ,False,D_FY_WEEK_SEQ,BIGINT,,0
TPCDS_SF100TCL,DATE_DIM,DATE_DIM,D_DAY_NAME,False,D_DAY_NAME,NVARCHAR,9,
TPCDS_SF100TCL,DATE_DIM,DATE_DIM,D_QUARTER_NAME,False,D_QUARTER_NAME,NVARCHAR,6,
TPCDS_SF100TCL,DATE_DIM,DATE_DIM,D_HOLIDAY,False,D_HOLIDAY,NVARCHAR,1,
TPCDS_SF100TCL,DATE_DIM,DATE_DIM,D_WEEKEND,False,D_WEEKEND,NVARCHAR,1,
TPCDS_SF100TCL,DATE_DIM,DATE_DIM,D_FOLLOWING_HOLIDAY,False,D_FOLLOWING_HOLIDAY,NVARCHAR,1,
TPCDS_SF100TCL,DATE_DIM,DATE_DIM,D_FIRST_DOM,False,D_FIRST_DOM,BIGINT,,0
TPCDS_SF100TCL,DATE_DIM,DATE_DIM,D_LAST_DOM,False,D_LAST_DOM,BIGINT,,0
TPCDS_SF100TCL,DATE_DIM,DATE_DIM,D_SAME_DAY_LY,False,D_SAME_DAY_LY,BIGINT,,0
TPCDS_SF100TCL,DATE_DIM,DATE_DIM,D_SAME_DAY_LQ,False,D_SAME_DAY_LQ,BIGINT,,0
TPCDS_SF100TCL,DATE_DIM,DATE_DIM,D_CURRENT_DAY,False,D_CURRENT_DAY,NVARCHAR,1,
TPCDS_SF100TCL,DATE_DIM,DATE_DIM,D_CURRENT_WEEK,False,D_CURRENT_WEEK,NVARCHAR,1,
TPCDS_SF100TCL,DATE_DIM,DATE_DIM,D_CURRENT_MONTH,False,D_CURRENT_MONTH,NVARCHAR,1,
TPCDS_SF100TCL,DATE_DIM,DATE_DIM,D_CURRENT_QUARTER,False,D_CURRENT_QUARTER,NVARCHAR,1,
TPCDS_SF100TCL,DATE_DIM,DATE_DIM,D_CURRENT_YEAR,False,D_CURRENT_YEAR,NVARCHAR,1,
TPCDS_SF100TCL,HOUSEHOLD_DEMOGRAPHICS,HOUSEHOLD_DEMOGRAPHICS,HD_DEMO_SK,True,HD_DEMO_SK,BIGINT,,0
TPCDS_SF100TCL,HOUSEHOLD_DEMOGRAPHICS,HOUSEHOLD_DEMOGRAPHICS,HD_INCOME_BAND_SK,False,HD_INCOME_BAND_SK,BIGINT,,0
TPCDS_SF100TCL,HOUSEHOLD_DEMOGRAPHICS,HOUSEHOLD_DEMOGRAPHICS,HD_BUY_POTENTIAL,False,HD_BUY_POTENTIAL,NVARCHAR,15,
TPCDS_SF100TCL,HOUSEHOLD_DEMOGRAPHICS,HOUSEHOLD_DEMOGRAPHICS,HD_DEP_COUNT,False,HD_DEP_COUNT,BIGINT,,0
TPCDS_SF100TCL,HOUSEHOLD_DEMOGRAPHICS,HOUSEHOLD_DEMOGRAPHICS,HD_VEHICLE_COUNT,False,HD_VEHICLE_COUNT,BIGINT,,0
TPCDS_SF100TCL,INCOME_BAND,INCOME_BAND,IB_INCOME_BAND_SK,True,IB_INCOME_BAND_SK,BIGINT,,0
TPCDS_SF100TCL,INCOME_BAND,INCOME_BAND,IB_LOWER_BOUND,False,IB_LOWER_BOUND,BIGINT,,0
TPCDS_SF100TCL,INCOME_BAND,INCOME_BAND,IB_UPPER_BOUND,False,IB_UPPER_BOUND,BIGINT,,0
TPCDS_SF100TCL,INVENTORY,INVENTORY,INV_DATE_SK,True,INV_DATE_SK,BIGINT,,0
TPCDS_SF100TCL,INVENTORY,INVENTORY,INV_ITEM_SK,True,INV_ITEM_SK,BIGINT,,0
TPCDS_SF100TCL,INVENTORY,INVENTORY,INV_WAREHOUSE_SK,True,INV_WAREHOUSE_SK,BIGINT,,0
TPCDS_SF100TCL,INVENTORY,INVENTORY,INV_QUANTITY_ON_HAND,False,INV_QUANTITY_ON_HAND,BIGINT,,0
TPCDS_SF100TCL,ITEM,ITEM,I_ITEM_SK,True,I_ITEM_SK,BIGINT,,0
TPCDS_SF100TCL,ITEM,ITEM,I_ITEM_ID,False,I_ITEM_ID,NVARCHAR,16,
TPCDS_SF100TCL,ITEM,ITEM,I_REC_START_DATE,False,I_REC_START_DATE,DATE,,
TPCDS_SF100TCL,ITEM,ITEM,I_REC_END_DATE,False,I_REC_END_DATE,DATE,,
TPCDS_SF100TCL,ITEM,ITEM,I_ITEM_DESC,False,I_ITEM_DESC,NVARCHAR,200,
TPCDS_SF100TCL,ITEM,ITEM,I_CURRENT_PRICE,False,I_CURRENT_PRICE,DECIMAL,,2
TPCDS_SF100TCL,ITEM,ITEM,I_WHOLESALE_COST,False,I_WHOLESALE_COST,DECIMAL,,2
TPCDS_SF100TCL,ITEM,ITEM,I_BRAND_ID,False,I_BRAND_ID,BIGINT,,0
TPCDS_SF100TCL,ITEM,ITEM,I_BRAND,False,I_BRAND,NVARCHAR,50,
TPCDS_SF100TCL,ITEM,ITEM,I_CLASS_ID,False,I_CLASS_ID,BIGINT,,0
TPCDS_SF100TCL,ITEM,ITEM,I_CLASS,False,I_CLASS,NVARCHAR,50,
TPCDS_SF100TCL,ITEM,ITEM,I_CATEGORY_ID,False,I_CATEGORY_ID,BIGINT,,0
TPCDS_SF100TCL,ITEM,ITEM,I_CATEGORY,False,I_CATEGORY,NVARCHAR,50,
TPCDS_SF100TCL,ITEM,ITEM,I_MANUFACT_ID,False,I_MANUFACT_ID,BIGINT,,0
TPCDS_SF100TCL,ITEM,ITEM,I_MANUFACT,False,I_MANUFACT,NVARCHAR,50,
TPCDS_SF100TCL,ITEM,ITEM,I_SIZE,False,I_SIZE,NVARCHAR,20,
TPCDS_SF100TCL,ITEM,ITEM,I_FORMULATION,False,I_FORMULATION,NVARCHAR,20,
TPCDS_SF100TCL,ITEM,ITEM,I_COLOR,False,I_COLOR,NVARCHAR,20,
TPCDS_SF100TCL,ITEM,ITEM,I_UNITS,False,I_UNITS,NVARCHAR,10,
TPCDS_SF100TCL,ITEM,ITEM,I_CONTAINER,False,I_CONTAINER,NVARCHAR,10,
TPCDS_SF100TCL,ITEM,ITEM,I_MANAGER_ID,False,I_MANAGER_ID,BIGINT,,0
TPCDS_SF100TCL,ITEM,ITEM,I_PRODUCT_NAME,False,I_PRODUCT_NAME,NVARCHAR,50,
TPCDS_SF100TCL,PROMOTION,PROMOTION,P_PROMO_SK,True,P_PROMO_SK,BIGINT,,0
TPCDS_SF100TCL,PROMOTION,PROMOTION,P_PROMO_ID,False,P_PROMO_ID,NVARCHAR,16,
TPCDS_SF100TCL,PROMOTION,PROMOTION,P_START_DATE_SK,False,P_START_DATE_SK,BIGINT,,0
TPCDS_SF100TCL,PROMOTION,PROMOTION,P_END_DATE_SK,False,P_END_DATE_SK,BIGINT,,0
TPCDS_SF100TCL,PROMOTION,PROMOTION,P_ITEM_SK,False,P_ITEM_SK,BIGINT,,0
TPCDS_SF100TCL,PROMOTION,PROMOTION,P_COST,False,P_COST,DECIMAL,,2
TPCDS_SF100TCL,PROMOTION,PROMOTION,P_RESPONSE_TARGET,False,P_RESPONSE_TARGET,BIGINT,,0
TPCDS_SF100TCL,PROMOTION,PROMOTION,P_PROMO_NAME,False,P_PROMO_NAME,NVARCHAR,50,
TPCDS_SF100TCL,PROMOTION,PROMOTION,P_CHANNEL_DMAIL,False,P_CHANNEL_DMAIL,NVARCHAR,1,
TPCDS_SF100TCL,PROMOTION,PROMOTION,P_CHANNEL_EMAIL,False,P_CHANNEL_EMAIL,NVARCHAR,1,
TPCDS_SF100TCL,PROMOTION,PROMOTION,P_CHANNEL_CATALOG,False,P_CHANNEL_CATALOG,NVARCHAR,1,
TPCDS_SF100TCL,PROMOTION,PROMOTION,P_CHANNEL_TV,False,P_CHANNEL_TV,NVARCHAR,1,
TPCDS_SF100TCL,PROMOTION,PROMOTION,P_CHANNEL_RADIO,False,P_CHANNEL_RADIO,NVARCHAR,1,
TPCDS_SF100TCL,PROMOTION,PROMOTION,P_CHANNEL_PRESS,False,P_CHANNEL_PRESS,NVARCHAR,1,
TPCDS_SF100TCL,PROMOTION,PROMOTION,P_CHANNEL_EVENT,False,P_CHANNEL_EVENT,NVARCHAR,1,
TPCDS_SF100TCL,PROMOTION,PROMOTION,P_CHANNEL_DEMO,False,P_CHANNEL_DEMO,NVARCHAR,1,
TPCDS_SF100TCL,PROMOTION,PROMOTION,P_CHANNEL_DETAILS,False,P_CHANNEL_DETAILS,NVARCHAR,100,
TPCDS_SF100TCL,PROMOTION,PROMOTION,P_PURPOSE,False,P_PURPOSE,NVARCHAR,15,
TPCDS_SF100TCL,PROMOTION,PROMOTION,P_DISCOUNT_ACTIVE,False,P_DISCOUNT_ACTIVE,NVARCHAR,1,
TPCDS_SF100TCL,REASON,REASON,R_REASON_SK,True,R_REASON_SK,BIGINT,,0
TPCDS_SF100TCL,REASON,REASON,R_REASON_ID,False,R_REASON_ID,NVARCHAR,16,
TPCDS_SF100TCL,REASON,REASON,R_REASON_DESC,False,R_REASON_DESC,NVARCHAR,100,
TPCDS_SF100TCL,SHIP_MODE,SHIP_MODE,SM_SHIP_MODE_SK,True,SM_SHIP_MODE_SK,BIGINT,,0
TPCDS_SF100TCL,SHIP_MODE,SHIP_MODE,SM_SHIP_MODE_ID,False,SM_SHIP_MODE_ID,NVARCHAR,16,
TPCDS_SF100TCL,SHIP_MODE,SHIP_MODE,SM_TYPE,False,SM_TYPE,NVARCHAR,30,
TPCDS_SF100TCL,SHIP_MODE,SHIP_MODE,SM_CODE,False,SM_CODE,NVARCHAR,10,
TPCDS_SF100TCL,SHIP_MODE,SHIP_MODE,SM_CARRIER,False,SM_CARRIER,NVARCHAR,20,
TPCDS_SF100TCL,SHIP_MODE,SHIP_MODE,SM_CONTRACT,False,SM_CONTRACT,NVARCHAR,20,
TPCDS_SF100TCL,STORE,STORE,S_STORE_SK,True,S_STORE_SK,BIGINT,,0
TPCDS_SF100TCL,STORE,STORE,S_STORE_ID,False,S_STORE_ID,NVARCHAR,16,
TPCDS_SF100TCL,STORE,STORE,S_REC_START_DATE,False,S_REC_START_DATE,DATE,,
TPCDS_SF100TCL,STORE,STORE,S_REC_END_DATE,False,S_REC_END_DATE,DATE,,
TPCDS_SF100TCL,STORE,STORE,S_CLOSED_DATE_SK,False,S_CLOSED_DATE_SK,BIGINT,,0
TPCDS_SF100TCL,STORE,STORE,S_STORE_NAME,False,S_STORE_NAME,NVARCHAR,50,
TPCDS_SF100TCL,STORE,STORE,S_NUMBER_EMPLOYEES,False,S_NUMBER_EMPLOYEES,BIGINT,,0
TPCDS_SF100TCL,STORE,STORE,S_FLOOR_SPACE,False,S_FLOOR_SPACE,BIGINT,,0
TPCDS_SF100TCL,STORE,STORE,S_HOURS,False,S_HOURS,NVARCHAR,20,
TPCDS_SF100TCL,STORE,STORE,S_MANAGER,False,S_MANAGER,NVARCHAR,40,
TPCDS_SF100TCL,STORE,STORE,S_MARKET_ID,False,S_MARKET_ID,BIGINT,,0
TPCDS_SF100TCL,STORE,STORE,S_GEOGRAPHY_CLASS,False,S_GEOGRAPHY_CLASS,NVARCHAR,100,
TPCDS_SF100TCL,STORE,STORE,S_MARKET_DESC,False,S_MARKET_DESC,NVARCHAR,100,
TPCDS_SF100TCL,STORE,STORE,S_MARKET_MANAGER,False,S_MARKET_MANAGER,NVARCHAR,40,
TPCDS_SF100TCL,STORE,STORE,S_DIVISION_ID,False,S_DIVISION_ID,BIGINT,,0
TPCDS_SF100TCL,STORE,STORE,S_DIVISION_NAME,False,S_DIVISION_NAME,NVARCHAR,50,
TPCDS_SF100TCL,STORE,STORE,S_COMPANY_ID,False,S_COMPANY_ID,BIGINT,,0
TPCDS_SF100TCL,STORE,STORE,S_COMPANY_NAME,False,S_COMPANY_NAME,NVARCHAR,50,
TPCDS_SF100TCL,STORE,STORE,S_STREET_NUMBER,False,S_STREET_NUMBER,NVARCHAR,10,
TPCDS_SF100TCL,STORE,STORE,S_STREET_NAME,False,S_STREET_NAME,NVARCHAR,60,
TPCDS_SF100TCL,STORE,STORE,S_STREET_TYPE,False,S_STREET_TYPE,NVARCHAR,15,
TPCDS_SF100TCL,STORE,STORE,S_SUITE_NUMBER,False,S_SUITE_NUMBER,NVARCHAR,10,
TPCDS_SF100TCL,STORE,STORE,S_CITY,False,S_CITY,NVARCHAR,60,
TPCDS_SF100TCL,STORE,STORE,S_COUNTY,False,S_COUNTY,NVARCHAR,30,
TPCDS_SF100TCL,STORE,STORE,S_STATE,False,S_STATE,NVARCHAR,2,
TPCDS_SF100TCL,STORE,STORE,S_ZIP,False,S_ZIP,NVARCHAR,10,
TPCDS_SF100TCL,STORE,STORE,S_COUNTRY,False,S_COUNTRY,NVARCHAR,20,
TPCDS_SF100TCL,STORE,STORE,S_GMT_OFFSET,False,S_GMT_OFFSET,DECIMAL,,2
TPCDS_SF100TCL,STORE,STORE,S_TAX_PRECENTAGE,False,S_TAX_PRECENTAGE,DECIMAL,,2
TPCDS_SF100TCL,STORE_RETURNS,STORE_RETURNS,SR_RETURNED_DATE_SK,False,SR_RETURNED_DATE_SK,BIGINT,,0
TPCDS_SF100TCL,STORE_RETURNS,STORE_RETURNS,SR_RETURN_TIME_SK,False,SR_RETURN_TIME_SK,BIGINT,,0
TPCDS_SF100TCL,STORE_RETURNS,STORE_RETURNS,SR_ITEM_SK,False,SR_ITEM_SK,BIGINT,,0
TPCDS_SF100TCL,STORE_RETURNS,STORE_RETURNS,SR_CUSTOMER_SK,False,SR_CUSTOMER_SK,BIGINT,,0
TPCDS_SF100TCL,STORE_RETURNS,STORE_RETURNS,SR_CDEMO_SK,False,SR_CDEMO_SK,BIGINT,,0
TPCDS_SF100TCL,STORE_RETURNS,STORE_RETURNS,SR_HDEMO_SK,False,SR_HDEMO_SK,BIGINT,,0
TPCDS_SF100TCL,STORE_RETURNS,STORE_RETURNS,SR_ADDR_SK,False,SR_ADDR_SK,BIGINT,,0
TPCDS_SF100TCL,STORE_RETURNS,STORE_RETURNS,SR_STORE_SK,False,SR_STORE_SK,BIGINT,,0
TPCDS_SF100TCL,STORE_RETURNS,STORE_RETURNS,SR_REASON_SK,False,SR_REASON_SK,BIGINT,,0
TPCDS_SF100TCL,STORE_RETURNS,STORE_RETURNS,SR_TICKET_NUMBER,False,SR_TICKET_NUMBER,BIGINT,,0
TPCDS_SF100TCL,STORE_RETURNS,STORE_RETURNS,SR_RETURN_QUANTITY,False,SR_RETURN_QUANTITY,BIGINT,,0
TPCDS_SF100TCL,STORE_RETURNS,STORE_RETURNS,SR_RETURN_AMT,False,SR_RETURN_AMT,DECIMAL,,2
TPCDS_SF100TCL,STORE_RETURNS,STORE_RETURNS,SR_RETURN_TAX,False,SR_RETURN_TAX,DECIMAL,,2
TPCDS_SF100TCL,STORE_RETURNS,STORE_RETURNS,SR_RETURN_AMT_INC_TAX,False,SR_RETURN_AMT_INC_TAX,DECIMAL,,2
TPCDS_SF100TCL,STORE_RETURNS,STORE_RETURNS,SR_FEE,False,SR_FEE,DECIMAL,,2
TPCDS_SF100TCL,STORE_RETURNS,STORE_RETURNS,SR_RETURN_SHIP_COST,False,SR_RETURN_SHIP_COST,DECIMAL,,2
TPCDS_SF100TCL,STORE_RETURNS,STORE_RETURNS,SR_REFUNDED_CASH,False,SR_REFUNDED_CASH,DECIMAL,,2
TPCDS_SF100TCL,STORE_RETURNS,STORE_RETURNS,SR_REVERSED_CHARGE,False,SR_REVERSED_CHARGE,DECIMAL,,2
TPCDS_SF100TCL,STORE_RETURNS,STORE_RETURNS,SR_STORE_CREDIT,False,SR_STORE_CREDIT,DECIMAL,,2
TPCDS_SF100TCL,STORE_RETURNS,STORE_RETURNS,SR_NET_LOSS,False,SR_NET_LOSS,DECIMAL,,2
TPCDS_SF100TCL,STORE_SALES,STORE_SALES,SS_SOLD_DATE_SK,False,SS_SOLD_DATE_SK,BIGINT,,0
TPCDS_SF100TCL,STORE_SALES,STORE_SALES,SS_SOLD_TIME_SK,False,SS_SOLD_TIME_SK,BIGINT,,0
TPCDS_SF100TCL,STORE_SALES,STORE_SALES,SS_ITEM_SK,True,SS_ITEM_SK,BIGINT,,0
TPCDS_SF100TCL,STORE_SALES,STORE_SALES,SS_CUSTOMER_SK,False,SS_CUSTOMER_SK,BIGINT,,0
TPCDS_SF100TCL,STORE_SALES,STORE_SALES,SS_CDEMO_SK,False,SS_CDEMO_SK,BIGINT,,0
TPCDS_SF100TCL,STORE_SALES,STORE_SALES,SS_HDEMO_SK,False,SS_HDEMO_SK,BIGINT,,0
TPCDS_SF100TCL,STORE_SALES,STORE_SALES,SS_ADDR_SK,False,SS_ADDR_SK,BIGINT,,0
TPCDS_SF100TCL,STORE_SALES,STORE_SALES,SS_STORE_SK,False,SS_STORE_SK,BIGINT,,0
TPCDS_SF100TCL,STORE_SALES,STORE_SALES,SS_PROMO_SK,False,SS_PROMO_SK,BIGINT,,0
TPCDS_SF100TCL,STORE_SALES,STORE_SALES,SS_TICKET_NUMBER,True,SS_TICKET_NUMBER,BIGINT,,0
TPCDS_SF100TCL,STORE_SALES,STORE_SALES,SS_QUANTITY,False,SS_QUANTITY,BIGINT,,0
TPCDS_SF100TCL,STORE_SALES,STORE_SALES,SS_WHOLESALE_COST,False,SS_WHOLESALE_COST,DECIMAL,,2
TPCDS_SF100TCL,STORE_SALES,STORE_SALES,SS_LIST_PRICE,False,SS_LIST_PRICE,DECIMAL,,2
TPCDS_SF100TCL,STORE_SALES,STORE_SALES,SS_SALES_PRICE,False,SS_SALES_PRICE,DECIMAL,,2
TPCDS_SF100TCL,STORE_SALES,STORE_SALES,SS_EXT_DISCOUNT_AMT,False,SS_EXT_DISCOUNT_AMT,DECIMAL,,2
TPCDS_SF100TCL,STORE_SALES,STORE_SALES,SS_EXT_SALES_PRICE,False,SS_EXT_SALES_PRICE,DECIMAL,,2
TPCDS_SF100TCL,STORE_SALES,STORE_SALES,SS_EXT_WHOLESALE_COST,False,SS_EXT_WHOLESALE_COST,DECIMAL,,2
TPCDS_SF100TCL,STORE_SALES,STORE_SALES,SS_EXT_LIST_PRICE,False,SS_EXT_LIST_PRICE,DECIMAL,,2
TPCDS_SF100TCL,STORE_SALES,STORE_SALES,SS_EXT_TAX,False,SS_EXT_TAX,DECIMAL,,2
TPCDS_SF100TCL,STORE_SALES,STORE_SALES,SS_COUPON_AMT,False,SS_COUPON_AMT,DECIMAL,,2
TPCDS_SF100TCL,STORE_SALES,STORE_SALES,SS_NET_PAID,False,SS_NET_PAID,DECIMAL,,2
TPCDS_SF100TCL,STORE_SALES,STORE_SALES,SS_NET_PAID_INC_TAX,False,SS_NET_PAID_INC_TAX,DECIMAL,,2
TPCDS_SF100TCL,STORE_SALES,STORE_SALES,SS_NET_PROFIT,False,SS_NET_PROFIT,DECIMAL,,2
TPCDS_SF100TCL,TIME_DIM,TIME_DIM,T_TIME_SK,True,T_TIME_SK,BIGINT,,0
TPCDS_SF100TCL,TIME_DIM,TIME_DIM,T_TIME_ID,False,T_TIME_ID,NVARCHAR,16,
TPCDS_SF100TCL,TIME_DIM,TIME_DIM,T_TIME,False,T_TIME,BIGINT,,0
TPCDS_SF100TCL,TIME_DIM,TIME_DIM,T_HOUR,False,T_HOUR,BIGINT,,0
TPCDS_SF100TCL,TIME_DIM,TIME_DIM,T_MINUTE,False,T_MINUTE,BIGINT,,0
TPCDS_SF100TCL,TIME_DIM,TIME_DIM,T_SECOND,False,T_SECOND,BIGINT,,0
TPCDS_SF100TCL,TIME_DIM,TIME_DIM,T_AM_PM,False,T_AM_PM,NVARCHAR,2,
TPCDS_SF100TCL,TIME_DIM,TIME_DIM,T_SHIFT,False,T_SHIFT,NVARCHAR,20,
TPCDS_SF100TCL,TIME_DIM,TIME_DIM,T_SUB_SHIFT,False,T_SUB_SHIFT,NVARCHAR,20,
TPCDS_SF100TCL,TIME_DIM,TIME_DIM,T_MEAL_TIME,False,T_MEAL_TIME,NVARCHAR,20,
TPCDS_SF100TCL,WAREHOUSE,WAREHOUSE,W_WAREHOUSE_SK,True,W_WAREHOUSE_SK,BIGINT,,0
TPCDS_SF100TCL,WAREHOUSE,WAREHOUSE,W_WAREHOUSE_ID,False,W_WAREHOUSE_ID,NVARCHAR,16,
TPCDS_SF100TCL,WAREHOUSE,WAREHOUSE,W_WAREHOUSE_NAME,False,W_WAREHOUSE_NAME,NVARCHAR,20,
TPCDS_SF100TCL,WAREHOUSE,WAREHOUSE,W_WAREHOUSE_SQ_FT,False,W_WAREHOUSE_SQ_FT,BIGINT,,0
TPCDS_SF100TCL,WAREHOUSE,WAREHOUSE,W_STREET_NUMBER,False,W_STREET_NUMBER,NVARCHAR,10,
TPCDS_SF100TCL,WAREHOUSE,WAREHOUSE,W_STREET_NAME,False,W_STREET_NAME,NVARCHAR,60,
TPCDS_SF100TCL,WAREHOUSE,WAREHOUSE,W_STREET_TYPE,False,W_STREET_TYPE,NVARCHAR,15,
TPCDS_SF100TCL,WAREHOUSE,WAREHOUSE,W_SUITE_NUMBER,False,W_SUITE_NUMBER,NVARCHAR,10,
TPCDS_SF100TCL,WAREHOUSE,WAREHOUSE,W_CITY,False,W_CITY,NVARCHAR,60,
TPCDS_SF100TCL,WAREHOUSE,WAREHOUSE,W_COUNTY,False,W_COUNTY,NVARCHAR,30,
TPCDS_SF100TCL,WAREHOUSE,WAREHOUSE,W_STATE,False,W_STATE,NVARCHAR,2,
TPCDS_SF100TCL,WAREHOUSE,WAREHOUSE,W_ZIP,False,W_ZIP,NVARCHAR,10,
TPCDS_SF100TCL,WAREHOUSE,WAREHOUSE,W_COUNTRY,False,W_COUNTRY,NVARCHAR,20,
TPCDS_SF100TCL,WAREHOUSE,WAREHOUSE,W_GMT_OFFSET,False,W_GMT_OFFSET,DECIMAL,,2
TPCDS_SF100TCL,WEB_PAGE,WEB_PAGE,WP_WEB_PAGE_SK,True,WP_WEB_PAGE_SK,BIGINT,,0
TPCDS_SF100TCL,WEB_PAGE,WEB_PAGE,WP_WEB_PAGE_ID,False,WP_WEB_PAGE_ID,NVARCHAR,16,
TPCDS_SF100TCL,WEB_PAGE,WEB_PAGE,WP_REC_START_DATE,False,WP_REC_START_DATE,DATE,,
TPCDS_SF100TCL,WEB_PAGE,WEB_PAGE,WP_REC_END_DATE,False,WP_REC_END_DATE,DATE,,
TPCDS_SF100TCL,WEB_PAGE,WEB_PAGE,WP_CREATION_DATE_SK,False,WP_CREATION_DATE_SK,BIGINT,,0
TPCDS_SF100TCL,WEB_PAGE,WEB_PAGE,WP_ACCESS_DATE_SK,False,WP_ACCESS_DATE_SK,BIGINT,,0
TPCDS_SF100TCL,WEB_PAGE,WEB_PAGE,WP_AUTOGEN_FLAG,False,WP_AUTOGEN_FLAG,NVARCHAR,1,
TPCDS_SF100TCL,WEB_PAGE,WEB_PAGE,WP_CUSTOMER_SK,False,WP_CUSTOMER_SK,BIGINT,,0
TPCDS_SF100TCL,WEB_PAGE,WEB_PAGE,WP_URL,False,WP_URL,NVARCHAR,100,
TPCDS_SF100TCL,WEB_PAGE,WEB_PAGE,WP_TYPE,False,WP_TYPE,NVARCHAR,50,
TPCDS_SF100TCL,WEB_PAGE,WEB_PAGE,WP_CHAR_COUNT,False,WP_CHAR_COUNT,BIGINT,,0
TPCDS_SF100TCL,WEB_PAGE,WEB_PAGE,WP_LINK_COUNT,False,WP_LINK_COUNT,BIGINT,,0
TPCDS_SF100TCL,WEB_PAGE,WEB_PAGE,WP_IMAGE_COUNT,False,WP_IMAGE_COUNT,BIGINT,,0
TPCDS_SF100TCL,WEB_PAGE,WEB_PAGE,WP_MAX_AD_COUNT,False,WP_MAX_AD_COUNT,BIGINT,,0
TPCDS_SF100TCL,WEB_RETURNS,WEB_RETURNS,WR_RETURNED_DATE_SK,False,WR_RETURNED_DATE_SK,BIGINT,,0
TPCDS_SF100TCL,WEB_RETURNS,WEB_RETURNS,WR_RETURNED_TIME_SK,False,WR_RETURNED_TIME_SK,BIGINT,,0
TPCDS_SF100TCL,WEB_RETURNS,WEB_RETURNS,WR_ITEM_SK,True,WR_ITEM_SK,BIGINT,,0
TPCDS_SF100TCL,WEB_RETURNS,WEB_RETURNS,WR_REFUNDED_CUSTOMER_SK,False,WR_REFUNDED_CUSTOMER_SK,BIGINT,,0
TPCDS_SF100TCL,WEB_RETURNS,WEB_RETURNS,WR_REFUNDED_CDEMO_SK,False,WR_REFUNDED_CDEMO_SK,BIGINT,,0
TPCDS_SF100TCL,WEB_RETURNS,WEB_RETURNS,WR_REFUNDED_HDEMO_SK,False,WR_REFUNDED_HDEMO_SK,BIGINT,,0
TPCDS_SF100TCL,WEB_RETURNS,WEB_RETURNS,WR_REFUNDED_ADDR_SK,False,WR_REFUNDED_ADDR_SK,BIGINT,,0
TPCDS_SF100TCL,WEB_RETURNS,WEB_RETURNS,WR_RETURNING_CUSTOMER_SK,False,WR_RETURNING_CUSTOMER_SK,BIGINT,,0
TPCDS_SF100TCL,WEB_RETURNS,WEB_RETURNS,WR_RETURNING_CDEMO_SK,False,WR_RETURNING_CDEMO_SK,BIGINT,,0
TPCDS_SF100TCL,WEB_RETURNS,WEB_RETURNS,WR_RETURNING_HDEMO_SK,False,WR_RETURNING_HDEMO_SK,BIGINT,,0
TPCDS_SF100TCL,WEB_RETURNS,WEB_RETURNS,WR_RETURNING_ADDR_SK,False,WR_RETURNING_ADDR_SK,BIGINT,,0
TPCDS_SF100TCL,WEB_RETURNS,WEB_RETURNS,WR_WEB_PAGE_SK,False,WR_WEB_PAGE_SK,BIGINT,,0
TPCDS_SF100TCL,WEB_RETURNS,WEB_RETURNS,WR_REASON_SK,False,WR_REASON_SK,BIGINT,,0
TPCDS_SF100TCL,WEB_RETURNS,WEB_RETURNS,WR_ORDER_NUMBER,True,WR_ORDER_NUMBER,BIGINT,,0
TPCDS_SF100TCL,WEB_RETURNS,WEB_RETURNS,WR_RETURN_QUANTITY,False,WR_RETURN_QUANTITY,BIGINT,,0
TPCDS_SF100TCL,WEB_RETURNS,WEB_RETURNS,WR_RETURN_AMT,False,WR_RETURN_AMT,DECIMAL,,2
TPCDS_SF100TCL,WEB_RETURNS,WEB_RETURNS,WR_RETURN_TAX,False,WR_RETURN_TAX,DECIMAL,,2
TPCDS_SF100TCL,WEB_RETURNS,WEB_RETURNS,WR_RETURN_AMT_INC_TAX,False,WR_RETURN_AMT_INC_TAX,DECIMAL,,2
TPCDS_SF100TCL,WEB_RETURNS,WEB_RETURNS,WR_FEE,False,WR_FEE,DECIMAL,,2
TPCDS_SF100TCL,WEB_RETURNS,WEB_RETURNS,WR_RETURN_SHIP_COST,False,WR_RETURN_SHIP_COST,DECIMAL,,2
TPCDS_SF100TCL,WEB_RETURNS,WEB_RETURNS,WR_REFUNDED_CASH,False,WR_REFUNDED_CASH,DECIMAL,,2
TPCDS_SF100TCL,WEB_RETURNS,WEB_RETURNS,WR_REVERSED_CHARGE,False,WR_REVERSED_CHARGE,DECIMAL,,2
TPCDS_SF100TCL,WEB_RETURNS,WEB_RETURNS,WR_ACCOUNT_CREDIT,False,WR_ACCOUNT_CREDIT,DECIMAL,,2
TPCDS_SF100TCL,WEB_RETURNS,WEB_RETURNS,WR_NET_LOSS,False,WR_NET_LOSS,DECIMAL,,2
TPCDS_SF100TCL,WEB_SALES,WEB_SALES,WS_SOLD_DATE_SK,False,WS_SOLD_DATE_SK,BIGINT,,0
TPCDS_SF100TCL,WEB_SALES,WEB_SALES,WS_SOLD_TIME_SK,False,WS_SOLD_TIME_SK,BIGINT,,0
TPCDS_SF100TCL,WEB_SALES,WEB_SALES,WS_SHIP_DATE_SK,False,WS_SHIP_DATE_SK,BIGINT,,0
TPCDS_SF100TCL,WEB_SALES,WEB_SALES,WS_ITEM_SK,True,WS_ITEM_SK,BIGINT,,0
TPCDS_SF100TCL,WEB_SALES,WEB_SALES,WS_BILL_CUSTOMER_SK,False,WS_BILL_CUSTOMER_SK,BIGINT,,0
TPCDS_SF100TCL,WEB_SALES,WEB_SALES,WS_BILL_CDEMO_SK,False,WS_BILL_CDEMO_SK,BIGINT,,0
TPCDS_SF100TCL,WEB_SALES,WEB_SALES,WS_BILL_HDEMO_SK,False,WS_BILL_HDEMO_SK,BIGINT,,0
TPCDS_SF100TCL,WEB_SALES,WEB_SALES,WS_BILL_ADDR_SK,False,WS_BILL_ADDR_SK,BIGINT,,0
TPCDS_SF100TCL,WEB_SALES,WEB_SALES,WS_SHIP_CUSTOMER_SK,False,WS_SHIP_CUSTOMER_SK,BIGINT,,0
TPCDS_SF100TCL,WEB_SALES,WEB_SALES,WS_SHIP_CDEMO_SK,False,WS_SHIP_CDEMO_SK,BIGINT,,0
TPCDS_SF100TCL,WEB_SALES,WEB_SALES,WS_SHIP_HDEMO_SK,False,WS_SHIP_HDEMO_SK,BIGINT,,0
TPCDS_SF100TCL,WEB_SALES,WEB_SALES,WS_SHIP_ADDR_SK,False,WS_SHIP_ADDR_SK,BIGINT,,0
TPCDS_SF100TCL,WEB_SALES,WEB_SALES,WS_WEB_PAGE_SK,False,WS_WEB_PAGE_SK,BIGINT,,0
TPCDS_SF100TCL,WEB_SALES,WEB_SALES,WS_WEB_SITE_SK,False,WS_WEB_SITE_SK,BIGINT,,0
TPCDS_SF100TCL,WEB_SALES,WEB_SALES,WS_SHIP_MODE_SK,False,WS_SHIP_MODE_SK,BIGINT,,0
TPCDS_SF100TCL,WEB_SALES,WEB_SALES,WS_WAREHOUSE_SK,False,WS_WAREHOUSE_SK,BIGINT,,0
TPCDS_SF100TCL,WEB_SALES,WEB_SALES,WS_PROMO_SK,False,WS_PROMO_SK,BIGINT,,0
TPCDS_SF100TCL,WEB_SALES,WEB_SALES,WS_ORDER_NUMBER,True,WS_ORDER_NUMBER,BIGINT,,0
TPCDS_SF100TCL,WEB_SALES,WEB_SALES,WS_QUANTITY,False,WS_QUANTITY,BIGINT,,0
TPCDS_SF100TCL,WEB_SALES,WEB_SALES,WS_WHOLESALE_COST,False,WS_WHOLESALE_COST,DECIMAL,,2
TPCDS_SF100TCL,WEB_SALES,WEB_SALES,WS_LIST_PRICE,False,WS_LIST_PRICE,DECIMAL,,2
TPCDS_SF100TCL,WEB_SALES,WEB_SALES,WS_SALES_PRICE,False,WS_SALES_PRICE,DECIMAL,,2
TPCDS_SF100TCL,WEB_SALES,WEB_SALES,WS_EXT_DISCOUNT_AMT,False,WS_EXT_DISCOUNT_AMT,DECIMAL,,2
TPCDS_SF100TCL,WEB_SALES,WEB_SALES,WS_EXT_SALES_PRICE,False,WS_EXT_SALES_PRICE,DECIMAL,,2
TPCDS_SF100TCL,WEB_SALES,WEB_SALES,WS_EXT_WHOLESALE_COST,False,WS_EXT_WHOLESALE_COST,DECIMAL,,2
TPCDS_SF100TCL,WEB_SALES,WEB_SALES,WS_EXT_LIST_PRICE,False,WS_EXT_LIST_PRICE,DECIMAL,,2
TPCDS_SF100TCL,WEB_SALES,WEB_SALES,WS_EXT_TAX,False,WS_EXT_TAX,DECIMAL,,2
TPCDS_SF100TCL,WEB_SALES,WEB_SALES,WS_COUPON_AMT,False,WS_COUPON_AMT,DECIMAL,,2
TPCDS_SF100TCL,WEB_SALES,WEB_SALES,WS_EXT_SHIP_COST,False,WS_EXT_SHIP_COST,DECIMAL,,2
TPCDS_SF100TCL,WEB_SALES,WEB_SALES,WS_NET_PAID,False,WS_NET_PAID,DECIMAL,,2
TPCDS_SF100TCL,WEB_SALES,WEB_SALES,WS_NET_PAID_INC_TAX,False,WS_NET_PAID_INC_TAX,DECIMAL,,2
TPCDS_SF100TCL,WEB_SALES,WEB_SALES,WS_NET_PAID_INC_SHIP,False,WS_NET_PAID_INC_SHIP,DECIMAL,,2
TPCDS_SF100TCL,WEB_SALES,WEB_SALES,WS_NET_PAID_INC_SHIP_TAX,False,WS_NET_PAID_INC_SHIP_TAX,DECIMAL,,2
TPCDS_SF100TCL,WEB_SALES,WEB_SALES,WS_NET_PROFIT,False,WS_NET_PROFIT,DECIMAL,,2
TPCDS_SF100TCL,WEB_SITE,WEB_SITE,WEB_SITE_SK,True,WEB_SITE_SK,BIGINT,,0
TPCDS_SF100TCL,WEB_SITE,WEB_SITE,WEB_SITE_ID,False,WEB_SITE_ID,NVARCHAR,16,
TPCDS_SF100TCL,WEB_SITE,WEB_SITE,WEB_REC_START_DATE,False,WEB_REC_START_DATE,DATE,,
TPCDS_SF100TCL,WEB_SITE,WEB_SITE,WEB_REC_END_DATE,False,WEB_REC_END_DATE,DATE,,
TPCDS_SF100TCL,WEB_SITE,WEB_SITE,WEB_NAME,False,WEB_NAME,NVARCHAR,50,
TPCDS_SF100TCL,WEB_SITE,WEB_SITE,WEB_OPEN_DATE_SK,False,WEB_OPEN_DATE_SK,BIGINT,,0
TPCDS_SF100TCL,WEB_SITE,WEB_SITE,WEB_CLOSE_DATE_SK,False,WEB_CLOSE_DATE_SK,BIGINT,,0
TPCDS_SF100TCL,WEB_SITE,WEB_SITE,WEB_CLASS,False,WEB_CLASS,NVARCHAR,50,
TPCDS_SF100TCL,WEB_SITE,WEB_SITE,WEB_MANAGER,False,WEB_MANAGER,NVARCHAR,40,
TPCDS_SF100TCL,WEB_SITE,WEB_SITE,WEB_MKT_ID,False,WEB_MKT_ID,BIGINT,,0
TPCDS_SF100TCL,WEB_SITE,WEB_SITE,WEB_MKT_CLASS,False,WEB_MKT_CLASS,NVARCHAR,50,
TPCDS_SF100TCL,WEB_SITE,WEB_SITE,WEB_MKT_DESC,False,WEB_MKT_DESC,NVARCHAR,100,
TPCDS_SF100TCL,WEB_SITE,WEB_SITE,WEB_MARKET_MANAGER,False,WEB_MARKET_MANAGER,NVARCHAR,40,
TPCDS_SF100TCL,WEB_SITE,WEB_SITE,WEB_COMPANY_ID,False,WEB_COMPANY_ID,BIGINT,,0
TPCDS_SF100TCL,WEB_SITE,WEB_SITE,WEB_COMPANY_NAME,False,WEB_COMPANY_NAME,NVARCHAR,50,
TPCDS_SF100TCL,WEB_SITE,WEB_SITE,WEB_STREET_NUMBER,False,WEB_STREET_NUMBER,NVARCHAR,10,
TPCDS_SF100TCL,WEB_SITE,WEB_SITE,WEB_STREET_NAME,False,WEB_STREET_NAME,NVARCHAR,60,
TPCDS_SF100TCL,WEB_SITE,WEB_SITE,WEB_STREET_TYPE,False,WEB_STREET_TYPE,NVARCHAR,15,
TPCDS_SF100TCL,WEB_SITE,WEB_SITE,WEB_SUITE_NUMBER,False,WEB_SUITE_NUMBER,NVARCHAR,10,
TPCDS_SF100TCL,WEB_SITE,WEB_SITE,WEB_CITY,False,WEB_CITY,NVARCHAR,60,
TPCDS_SF100TCL,WEB_SITE,WEB_SITE,WEB_COUNTY,False,WEB_COUNTY,NVARCHAR,30,
TPCDS_SF100TCL,WEB_SITE,WEB_SITE,WEB_STATE,False,WEB_STATE,NVARCHAR,2,
TPCDS_SF100TCL,WEB_SITE,WEB_SITE,WEB_ZIP,False,WEB_ZIP,NVARCHAR,10,
TPCDS_SF100TCL,WEB_SITE,WEB_SITE,WEB_COUNTRY,False,WEB_COUNTRY,NVARCHAR,20,
TPCDS_SF100TCL,WEB_SITE,WEB_SITE,WEB_GMT_OFFSET,False,WEB_GMT_OFFSET,DECIMAL,,2
TPCDS_SF100TCL,WEB_SITE,WEB_SITE,WEB_TAX_PERCENTAGE,False,WEB_TAX_PERCENTAGE,DECIMAL,,2
